,Left
1961,0
3341,1
5016,0
3357,1
2,0
9877,0
2267,1
8132,0
752,0
3227,0
3545,1
4466,0
6529,0
6174,0
2102,1
5553,0
2760,1
4002,0
3793,0
789,1
9330,0
928,0
1669,0
3946,0
2972,1
7569,0
6497,0
4485,0
1848,1
1249,1
1627,1
9545,0
3277,0
1103,0
3489,0
3559,1
9104,0
2685,1
6297,0
2957,1
1992,1
174,0
8577,0
11385,0
9586,0
10243,0
3042,0
3243,1
4703,0
9125,0
10893,0
3931,0
6556,0
124,1
1250,1
8129,0
3004,0
2581,1
3099,1
1430,0
10038,0
2631,1
1140,0
2107,1
6611,0
10166,0
2899,1
8418,0
2028,0
3716,0
2110,0
4736,0
25,0
127,1
3643,0
11221,0
10891,0
7692,0
948,0
4965,0
4413,0
10420,0
4063,0
1982,1
377,0
1989,1
13,0
11074,0
805,1
1114,0
348,1
3024,1
772,0
2408,0
3669,0
5445,0
9747,0
1171,0
7606,0
225,1
5797,0
3292,1
1227,0
3189,0
1180,0
5290,0
8826,0
1233,1
11015,0
4894,0
2755,0
3419,0
6499,0
2750,0
6298,0
6284,0
2584,0
3614,0
6350,0
3502,1
4460,0
8387,0
7525,0
7774,0
1630,1
2440,0
2784,0
10544,0
5630,0
14,0
2142,0
3372,0
2378,1
4686,0
1578,0
6447,0
10439,0
10525,0
6781,0
3316,0
6415,0
3517,0
7513,0
6424,0
10748,0
1556,0
10650,0
5383,0
2937,1
3135,1
2144,1
5593,0
7557,0
2372,0
428,1
9789,0
1749,1
10323,0
3087,0
2185,1
2637,1
11304,0
466,0
10007,0
1583,0
611,1
1201,0
11263,0
7113,0
4755,0
7111,0
446,0
11057,0
2431,0
1790,0
4251,0
2208,0
10681,0
4161,0
2942,1
3131,0
3985,0
9076,0
11331,0
7943,0
8862,0
1387,0
687,0
4476,0
9272,0
4829,0
1952,0
4706,0
1222,0
2599,0
328,1
3353,0
2089,0
9435,0
6858,0
5960,0
2279,1
1748,0
4452,0
1368,0
3281,0
5202,0
4202,0
4598,0
2512,1
6188,0
1980,1
5695,0
3854,0
3256,1
629,0
1823,0
1191,1
1189,0
1823,1
3515,0
7005,0
7340,0
1358,0
7799,0
828,1
4561,0
702,0
6255,0
7273,0
2069,0
28,1
1654,0
847,1
3685,0
1407,0
3866,0
360,0
1087,0
5214,0
69,1
1393,1
495,0
1304,0
637,1
9616,0
4634,0
415,0
7965,0
519,0
604,1
2986,0
1342,1
4884,0
1827,0
3069,1
6226,0
6338,0
3288,1
4594,0
3426,1
10011,0
144,0
213,0
7680,0
6250,0
1538,0
784,0
2348,0
8571,0
1505,1
45,0
9118,0
6854,0
1640,0
6550,0
2132,1
6971,0
5563,0
525,0
714,1
3106,0
5471,0
5838,0
2459,0
493,1
2174,0
9745,0
9610,0
8000,0
268,0
10189,0
6179,0
106,0
3770,0
7077,0
6795,0
4096,0
3955,0
727,0
10944,0
341,1
3556,1
11292,0
9978,0
2683,0
1097,0
591,1
2141,1
3864,0
4984,0
9812,0
3228,1
6683,0
9445,0
7378,0
4323,0
3893,0
1414,0
9069,0
9681,0
3186,1
69,0
12,1
4283,0
299,0
6302,0
10560,0
5485,0
7104,0
1265,1
3632,0
5006,0
1128,1
4162,0
6609,0
2799,0
9963,0
6975,0
6945,0
1025,0
5886,0
206,1
1108,0
4165,0
91,0
941,1
2568,1
11326,0
1001,1
2309,1
865,1
2018,1
8224,0
3410,0
9195,0
2230,0
70,0
843,1
8535,0
1899,1
7875,0
8041,0
1518,1
1167,1
1391,1
7535,0
177,1
1701,1
7395,0
2385,1
10063,0
2277,1
2056,0
2739,0
3594,0
2826,0
1847,1
948,1
1502,0
2336,0
2345,0
3214,0
1909,1
2806,1
9609,0
46,0
6823,0
1304,1
640,0
2468,0
9187,0
10461,0
8384,0
4633,0
3132,0
117,1
917,1
709,0
9256,0
8487,0
7303,0
7023,0
1735,1
2718,1
10413,0
7032,0
10027,0
5831,0
6215,0
958,1
1066,1
8733,0
2237,1
1081,0
770,0
27,0
2608,1
2811,0
4034,0
1488,1
9056,0
5808,0
9513,0
10942,0
3302,0
8057,0
4823,0
8449,0
4171,0
1225,0
4866,0
5978,0
2685,0
6623,0
2570,1
10988,0
58,1
982,0
10349,0
9120,0
6441,0
8163,0
3066,0
1747,1
2218,1
670,1
8596,0
369,1
1068,1
2274,0
327,1
4304,0
89,0
1205,1
4407,0
173,1
2331,0
5282,0
4885,0
3094,0
5915,0
5172,0
1565,0
9154,0
8280,0
1436,1
2733,0
11344,0
4273,0
10657,0
6514,0
9989,0
8458,0
9618,0
454,0
6162,0
1753,0
1327,0
608,1
6423,0
240,1
2041,1
4298,0
6886,0
10074,0
9975,0
4421,0
2855,0
1707,1
3211,0
910,0
3756,0
2486,1
1922,1
3850,0
5524,0
2430,0
819,0
3279,0
827,0
820,1
2058,1
8207,0
1439,0
4854,0
565,0
505,0
473,1
191,1
6156,0
7782,0
7635,0
9686,0
11271,0
7863,0
8719,0
171,1
997,0
7068,0
3524,0
3048,0
7445,0
2688,0
10811,0
3013,1
1794,1
5690,0
6362,0
6903,0
3663,0
10917,0
3473,1
604,0
1999,0
11362,0
10712,0
1241,0
9694,0
10686,0
3481,1
5766,0
1158,1
8543,0
988,1
5590,0
1026,0
6659,0
5332,0
4623,0
8582,0
8395,0
8998,0
2250,0
10610,0
2808,1
650,1
998,0
1508,1
7847,0
9558,0
4564,0
8031,0
10225,0
10272,0
1960,0
9306,0
3759,0
132,0
2484,1
2517,0
10118,0
639,1
1783,1
883,0
1974,1
6656,0
8941,0
5406,0
4987,0
7855,0
797,0
11380,0
5718,0
672,1
2430,1
9019,0
7188,0
5307,0
6370,0
2522,0
9788,0
6744,0
3777,0
3657,0
10862,0
505,1
1224,1
5481,0
4172,0
1287,0
4591,0
2531,1
1151,1
5747,0
7765,0
7282,0
187,0
7155,0
2381,0
7972,0
7794,0
4181,0
10876,0
8664,0
1041,0
2357,0
3747,0
694,1
11310,0
2293,0
9323,0
1571,0
4146,0
6968,0
1320,1
10798,0
4116,0
3492,0
11230,0
2802,1
4618,0
8352,0
4841,0
9248,0
1888,1
2520,1
2373,1
6130,0
2025,1
2352,0
4688,0
5730,0
10546,0
3765,0
1670,1
1447,0
7021,0
5160,0
4402,0
3459,0
10550,0
8789,0
1995,1
1590,0
2515,1
10341,0
3535,1
4475,0
8023,0
5384,0
4360,0
1163,0
10431,0
2138,0
3088,1
2607,0
9977,0
9860,0
3753,0
11258,0
2334,1
1401,0
1049,0
1464,0
2858,1
9808,0
7582,0
2275,1
5541,0
2519,0
920,0
384,1
11164,0
2955,1
10200,0
1824,0
3721,0
3963,0
4681,0
2250,1
812,0
1835,0
2931,1
1527,1
9824,0
2164,1
5857,0
27,1
2969,1
4685,0
727,1
2910,0
1218,1
1295,1
246,1
753,1
895,1
5478,0
8576,0
1175,1
9244,0
1425,1
7177,0
1870,1
6340,0
6205,0
11368,0
11305,0
7344,0
950,0
10417,0
3767,0
496,0
6911,0
1494,1
5408,0
8618,0
977,0
6131,0
5815,0
5107,0
4523,0
3321,0
7208,0
1620,1
7223,0
7159,0
7537,0
2609,0
5950,0
6103,0
5256,0
5673,0
555,0
1443,1
11264,0
4496,0
7203,0
6461,0
3562,0
5351,0
5634,0
7604,0
11148,0
299,1
10258,0
348,0
898,1
8976,0
10251,0
2558,0
11315,0
8430,0
9070,0
9555,0
4279,0
582,1
2452,1
1273,0
589,1
2218,0
2075,1
1970,1
307,0
9225,0
11408,0
8757,0
1031,0
8842,0
616,1
9088,0
9965,0
9480,0
8742,0
6676,0
9887,0
2778,0
913,0
2096,0
10796,0
5377,0
9311,0
1493,1
457,1
9293,0
1173,0
4767,0
2128,1
1964,1
2114,1
10697,0
5464,0
917,0
1379,0
3873,0
10238,0
6382,0
8312,0
2146,0
7673,0
1144,0
9082,0
8598,0
2178,1
40,0
5127,0
7260,0
393,0
1821,0
7717,0
11038,0
9331,0
8683,0
4209,0
2425,1
2396,0
8705,0
8794,0
7057,0
6954,0
5404,0
1471,0
3409,0
9530,0
5745,0
1112,0
3929,0
7975,0
8859,0
6247,0
3248,0
4531,0
6464,0
10720,0
1863,1
1165,1
2339,0
2553,1
1084,1
5598,0
1767,0
9246,0
452,0
10523,0
592,0
2313,1
7230,0
3831,0
607,0
633,1
2707,1
3073,1
1700,1
9842,0
6292,0
42,0
8669,0
1706,0
1859,0
8480,0
6707,0
2765,1
11338,0
7149,0
748,1
8989,0
4544,0
7823,0
120,0
6412,0
6496,0
7365,0
4278,0
3247,1
3662,0
1727,0
2060,1
468,0
2148,0
5558,0
1777,0
1616,1
487,0
4416,0
1495,0
3892,0
10023,0
2216,1
9496,0
1860,1
4596,0
390,0
3092,0
5171,0
3868,0
2133,0
3270,0
1416,1
3783,0
10321,0
2682,1
3077,1
236,1
6065,0
7317,0
10509,0
3505,1
991,1
2090,1
3585,0
8372,0
7441,0
628,0
2614,0
3237,0
1454,1
10577,0
8478,0
9675,0
1489,0
9826,0
11354,0
3016,0
10764,0
1318,1
9575,0
257,0
11404,0
2672,0
7953,0
5258,0
242,0
331,0
2726,0
5991,0
2527,1
5269,0
369,0
4011,0
9205,0
6053,0
1441,0
10718,0
9984,0
4997,0
8822,0
690,1
3899,0
3096,1
241,1
4668,0
1958,1
2693,0
2205,0
2189,0
481,0
1424,0
2337,1
9724,0
8117,0
6509,0
5241,0
2966,1
2900,1
1323,1
873,1
742,0
3222,1
2957,0
8088,0
3414,0
1709,1
2240,0
889,1
8055,0
9918,0
1662,1
3061,1
10816,0
7267,0
7768,0
4443,0
454,1
6632,0
5146,0
2373,0
4489,0
2070,0
9286,0
3081,0
1376,0
5608,0
1078,0
9370,0
2728,1
10293,0
5427,0
8574,0
9163,0
1433,1
2281,0
43,0
1817,0
6465,0
3138,0
8162,0
537,1
1083,0
9220,0
2260,0
2735,0
376,1
11405,0
480,0
5949,0
11333,0
4601,0
1627,0
8147,0
10025,0
1903,0
9336,0
3720,0
6442,0
1816,1
8203,0
8600,0
1096,1
11235,0
7857,0
372,1
1734,1
4138,0
9334,0
11007,0
6268,0
11175,0
3823,0
2300,1
6183,0
2977,0
6438,0
6536,0
6495,0
11023,0
2978,1
1018,0
9926,0
9683,0
5456,0
2595,0
1345,1
7867,0
1146,0
8626,0
6207,0
2044,1
1537,0
7581,0
7827,0
5420,0
6708,0
498,0
4975,0
6320,0
2369,0
68,1
1372,0
8895,0
695,1
745,0
968,1
5533,0
3198,0
5403,0
7313,0
878,0
6333,0
3581,0
8759,0
3268,0
1155,0
1252,0
3034,0
1208,0
10151,0
9126,0
1546,0
2971,0
2732,1
716,1
10133,0
1342,0
7339,0
1050,0
4771,0
6141,0
4150,0
8942,0
5559,0
2165,0
10576,0
3057,0
10008,0
3715,0
4240,0
10252,0
8725,0
9201,0
1131,0
5390,0
1298,1
10467,0
6602,0
2247,0
5880,0
4848,0
1712,1
7446,0
4075,0
2625,0
1843,0
8666,0
7661,0
2244,1
7511,0
2070,1
9782,0
6066,0
6073,0
1448,0
1504,1
10751,0
7902,0
2129,0
3927,0
461,1
4919,0
9644,0
2409,0
2294,0
8861,0
682,1
1309,0
12,0
213,1
730,0
5884,0
2794,0
1572,0
2438,0
4586,0
4777,0
9181,0
3127,0
329,1
18,0
5207,0
1253,0
247,0
5042,0
2488,1
2493,1
1967,1
7379,0
1550,1
9849,0
9457,0
5964,0
3962,0
754,1
37,0
9919,0
9424,0
2411,0
1769,1
1928,1
953,1
1437,1
9832,0
11040,0
7854,0
2257,1
2649,1
1959,0
1388,0
759,1
10106,0
10026,0
6745,0
4282,0
2414,1
1898,1
7175,0
1681,1
9307,0
10936,0
1740,0
8532,0
696,0
9725,0
7046,0
6365,0
155,1
8317,0
3919,0
1096,0
1972,1
5027,0
1935,1
875,1
1014,0
2039,0
10425,0
3536,1
1965,0
2380,1
9361,0
460,1
5095,0
911,1
174,1
9996,0
10596,0
9276,0
1427,1
1264,1
229,0
3795,0
3432,0
3446,0
439,1
6964,0
2832,0
5318,0
1539,1
938,0
10078,0
773,0
7271,0
1876,1
3035,1
863,0
8659,0
10743,0
9100,0
4425,0
93,0
2999,0
551,1
407,0
237,0
3429,0
6841,0
2138,1
1360,1
6589,0
2601,0
3392,0
1759,0
1461,1
464,1
4494,0
10904,0
2407,1
2708,0
322,1
2082,1
7750,0
4404,0
3172,0
9645,0
6599,0
10147,0
5013,0
3327,1
6648,0
4144,0
7092,0
6137,0
3911,0
2007,0
7259,0
2399,1
3190,0
771,0
5911,0
776,1
3370,0
1901,0
8133,0
7136,0
270,1
10907,0
5213,0
8726,0
3452,1
10042,0
5153,0
9092,0
9456,0
703,0
6354,0
3511,0
8381,0
2567,0
11143,0
8807,0
5264,0
8670,0
468,1
2245,0
2698,0
2611,1
2270,1
2687,0
4497,0
8824,0
10982,0
1896,0
1947,0
965,0
1962,1
8875,0
3188,1
2165,1
3760,0
7611,0
617,1
8702,0
9535,0
8836,0
2645,1
7578,0
156,1
10442,0
382,0
2168,1
7904,0
2879,1
7135,0
7240,0
2140,1
2384,1
4851,0
1383,0
3223,0
1694,1
9033,0
3945,0
8923,0
3362,1
2466,0
6605,0
2366,0
2808,0
867,1
4690,0
3924,0
9760,0
3534,1
10048,0
10873,0
2680,1
7170,0
5878,0
849,0
1332,0
3383,0
4468,0
5923,0
2830,1
10320,0
3428,1
602,1
1698,0
8481,0
3184,0
2086,1
8185,0
1339,0
6485,0
7376,0
9498,0
5024,0
5667,0
11115,0
10274,0
2950,0
2588,1
10086,0
1987,1
2476,1
10247,0
3101,0
4605,0
5133,0
2570,0
3244,1
10975,0
3330,1
8926,0
7402,0
7072,0
1729,1
852,1
5681,0
10228,0
2940,0
10627,0
7258,0
1054,0
5106,0
3280,0
9548,0
10339,0
4440,0
2078,1
3304,1
8548,0
5970,0
9230,0
5283,0
2518,1
8999,0
9697,0
2473,1
8585,0
7701,0
2072,1
10515,0
8345,0
10564,0
11095,0
10181,0
566,0
887,0
2422,0
3416,1
9146,0
10522,0
4554,0
183,0
680,1
1385,0
565,1
2686,1
2314,0
2000,0
5938,0
833,1
7295,0
7162,0
1173,1
9083,0
6278,0
3728,0
11259,0
710,1
10651,0
434,0
8832,0
742,1
1827,1
3775,0
4201,0
9250,0
3010,1
291,1
2987,1
10167,0
3551,1
3253,0
1962,0
546,0
2669,1
2168,0
1449,0
829,1
2826,1
3679,0
8893,0
7176,0
4631,0
1909,0
767,1
1549,1
3480,1
11227,0
6942,0
1561,0
10844,0
3830,0
986,0
1244,1
4934,0
2930,1
1149,0
113,1
2859,1
737,0
683,0
2919,0
188,0
8764,0
4704,0
1512,1
2926,0
7642,0
3133,1
3439,1
2056,1
10724,0
623,0
5959,0
2042,0
9578,0
2445,1
4211,0
3213,0
1317,0
10500,0
10346,0
837,1
3049,0
6916,0
6518,0
11379,0
7154,0
440,1
5040,0
1832,1
3883,0
2210,0
2339,1
1527,0
1410,1
3089,1
1064,0
836,1
5287,0
9408,0
7931,0
315,0
2437,1
2321,1
11181,0
3688,0
5962,0
2233,1
2569,0
218,0
74,0
3429,1
5480,0
9308,0
6146,0
1429,0
521,0
7090,0
8858,0
2948,1
3939,0
8279,0
11320,0
2045,0
9915,0
3796,0
4590,0
3089,0
10163,0
11204,0
592,1
643,0
5537,0
319,1
7393,0
2054,1
4455,0
3221,0
351,0
1984,1
1659,0
202,0
736,1
9867,0
2844,0
7746,0
5639,0
99,1
9876,0
8325,0
10450,0
7264,0
7156,0
1918,0
2131,0
8627,0
1726,1
190,1
4256,0
10819,0
1220,0
1450,0
453,0
3312,1
701,0
1276,1
4135,0
1628,0
2584,1
9939,0
7261,0
3314,1
4673,0
266,0
923,0
8691,0
5210,0
3122,1
6799,0
644,1
3601,0
10856,0
6279,0
9035,0
10460,0
9316,0
1994,1
9235,0
9971,0
7753,0
8457,0
5020,0
3239,0
5183,0
9011,0
6420,0
3503,0
3199,0
6808,0
2793,0
3522,1
9447,0
1061,1
5738,0
10330,0
1379,1
5777,0
2213,1
10018,0
3266,1
8621,0
9758,0
7302,0
7504,0
5539,0
7114,0
534,1
8874,0
6129,0
1553,0
4515,0
10475,0
2211,1
2385,0
7734,0
558,0
10908,0
10454,0
2477,1
995,0
6884,0
1007,1
10456,0
9809,0
2431,1
4824,0
7343,0
7790,0
5709,0
6864,0
3315,0
654,1
3471,1
1951,1
231,0
2788,0
387,1
3117,0
3562,1
694,0
9821,0
2067,0
660,1
10473,0
218,1
11386,0
7665,0
3942,0
4630,0
1120,1
3773,0
6316,0
2269,0
1178,1
4103,0
8831,0
3015,0
667,1
10600,0
8476,0
5573,0
2696,0
9232,0
4518,0
8644,0
192,1
2421,1
7373,0
5638,0
777,0
10950,0
8913,0
2183,0
6950,0
688,0
7532,0
4874,0
2935,0
3826,0
1910,0
250,0
7304,0
4625,0
2414,0
3003,0
8242,0
2837,0
4420,0
5203,0
10361,0
5044,0
7909,0
9259,0
8939,0
2365,0
3294,0
6765,0
5352,0
4788,0
10584,0
2141,0
687,1
4694,0
2667,1
4957,0
1350,0
2042,1
3800,0
6640,0
6414,0
4729,0
9600,0
10291,0
1142,1
10418,0
1251,1
5460,0
9638,0
8177,0
4931,0
11118,0
9726,0
8239,0
1613,1
6531,0
1636,1
11367,0
3212,0
5694,0
2631,0
206,0
1778,0
8251,0
1621,1
9531,0
9390,0
7041,0
2398,0
5257,0
1314,1
6573,0
3923,0
5579,0
6873,0
10597,0
6833,0
9036,0
7664,0
6422,0
8337,0
4432,0
6334,0
1310,0
6967,0
345,0
1124,0
2640,1
1175,0
4454,0
500,0
6285,0
8439,0
10640,0
2103,1
9192,0
158,1
600,1
3629,0
2366,1
2005,0
2841,1
2020,0
6728,0
26,0
5839,0
4676,0
912,1
8472,0
8332,0
8419,0
654,0
1676,1
8348,0
8555,0
2779,0
11024,0
1781,0
8355,0
875,0
6173,0
2117,1
3148,1
7921,0
227,0
4414,0
1816,0
2064,0
4179,0
1104,0
8301,0
7888,0
6883,0
2462,1
1664,1
1648,1
10935,0
3080,1
10883,0
3622,0
3373,1
9954,0
440,0
2460,0
7243,0
1217,0
3153,1
669,1
1448,1
10840,0
10711,0
4513,0
394,0
7945,0
834,0
5522,0
9844,0
3252,0
10552,0
5025,0
1170,0
3366,0
3822,0
3065,1
704,0
10244,0
7579,0
6717,0
196,1
406,1
6583,0
1411,1
2425,0
5365,0
9018,0
3108,0
8058,0
7255,0
1811,0
7595,0
6675,0
8985,0
4977,0
1822,1
9848,0
7027,0
683,1
9202,0
2669,0
5566,0
4530,0
7896,0
2205,1
937,1
10052,0
7550,0
203,1
8003,0
624,1
2157,1
10725,0
6386,0
8900,0
9338,0
7976,0
8540,0
3043,1
8619,0
420,0
5242,0
10343,0
2836,1
674,0
9071,0
2789,0
2106,0
10422,0
1325,0
3130,1
260,1
501,0
9547,0
5919,0
10184,0
5232,0
869,0
2032,1
8223,0
1866,0
2886,0
611,0
3078,0
4923,0
7977,0
2326,1
4051,0
2780,0
1713,0
10963,0
7614,0
3192,1
10192,0
11261,0
5299,0
3324,0
1804,1
3155,0
8304,0
7056,0
2912,1
7487,0
5721,0
1633,1
6167,0
9662,0
10153,0
8899,0
8210,0
1398,1
7364,0
7628,0
7327,0
9252,0
3129,0
10204,0
416,1
374,1
2359,0
3610,0
3267,1
1476,0
9850,0
5833,0
2576,1
1308,1
10895,0
8751,0
1002,0
9677,0
5651,0
1655,0
956,1
1786,1
10005,0
10884,0
3173,1
8975,0
4970,0
1577,1
3987,0
2163,0
1382,1
3862,0
8195,0
5851,0
1684,1
10578,0
8180,0
1842,0
6006,0
9236,0
2719,0
3523,1
381,1
1697,1
579,1
222,0
8593,0
1486,1
289,0
7998,0
6660,0
10313,0
7145,0
11279,0
970,1
1509,0
10976,0
9757,0
3996,0
8750,0
3375,1
3839,0
11019,0
7478,0
1678,0
2639,1
3420,0
4949,0
1691,1
2552,1
2656,0
5527,0
3432,1
11062,0
4806,0
5393,0
2946,1
11126,0
9094,0
5181,0
2770,1
144,1
9624,0
3121,1
3364,1
6067,0
2495,0
2197,0
256,1
8553,0
2282,0
2043,1
2481,1
981,0
9711,0
3921,0
3098,0
8638,0
2305,0
9423,0
612,0
1845,1
5009,0
1988,0
4762,0
1200,1
9621,0
7384,0
1541,1
4255,0
7864,0
8720,0
8684,0
615,1
9951,0
1656,0
2674,1
9183,0
10631,0
8520,0
3208,0
7294,0
4910,0
2351,0
5219,0
2537,0
2769,1
366,1
5771,0
7961,0
9108,0
1784,1
11144,0
2672,1
304,0
3906,0
1168,1
4297,0
3207,1
632,1
3547,1
2429,0
2938,0
1897,0
9625,0
4852,0
4121,0
8513,0
2211,0
1368,1
1682,1
11208,0
5117,0
5436,0
7053,0
5382,0
1641,0
8343,0
513,0
1986,1
5746,0
1554,0
7337,0
3220,1
3816,0
338,0
2319,1
10292,0
6503,0
3000,0
2965,1
3895,0
3036,1
3266,0
6957,0
6501,0
1447,1
6224,0
10974,0
1677,1
4293,0
9767,0
5688,0
9680,0
554,0
7933,0
7385,0
5330,0
3030,1
4684,0
7288,0
3193,0
3151,1
1221,1
3180,1
614,1
10595,0
8275,0
3299,0
3358,0
7679,0
9347,0
801,1
7830,0
922,1
6792,0
6348,0
1490,1
8290,0
714,0
3988,0
5281,0
8853,0
6705,0
3466,1
9854,0
9713,0
649,1
2607,1
2178,0
7292,0
7884,0
3388,0
1245,1
2245,1
2783,0
5091,0
10966,0
1405,0
1311,0
2113,1
10951,0
3235,1
8053,0
4511,0
5716,0
99,0
7889,0
7345,0
6890,0
2130,1
1285,1
7212,0
184,0
1890,0
2,1
1406,0
2662,0
5594,0
4449,0
8340,0
1729,0
3499,0
2337,0
11287,0
2990,0
3717,0
1051,0
5863,0
3405,1
851,1
3332,1
5130,0
8199,0
1754,0
3280,1
1632,1
4079,0
9649,0
9368,0
1581,1
2894,0
1418,1
769,1
11381,0
6519,0
6283,0
10436,0
7413,0
53,0
1125,0
9499,0
1534,1
2748,0
9706,0
5238,0
2194,0
9178,0
2832,1
5879,0
10990,0
8300,0
7001,0
1668,0
4671,0
1016,0
1384,0
8698,0
7380,0
8773,0
657,0
4098,0
5112,0
334,0
2580,1
626,1
655,0
1100,1
60,0
4840,0
9905,0
10894,0
1451,0
3119,1
4093,0
4221,0
9053,0
1331,1
10498,0
6204,0
7759,0
11075,0
7491,0
9773,0
1200,0
1530,1
321,0
1755,1
10265,0
2829,0
8270,0
208,0
6019,0
1018,1
8044,0
7949,0
2400,1
10224,0
1848,0
4019,0
102,1
1013,0
3127,1
4935,0
426,0
10357,0
1369,0
5686,0
1485,0
9275,0
1945,1
3407,0
1870,0
469,0
8030,0
6327,0
5953,0
2038,1
2846,1
6158,0
6915,0
5561,0
4180,0
7091,0
3046,1
8554,0
5985,0
3245,1
3284,1
11012,0
11072,0
182,1
2967,0
6722,0
2182,0
1467,0
894,0
8459,0
585,1
1106,1
1992,0
2228,1
4644,0
88,1
8601,0
2249,1
5767,0
753,0
2623,0
2086,0
4679,0
984,1
3115,0
3359,1
2795,0
563,1
5007,0
2963,0
9894,0
1502,1
10741,0
1621,0
3401,0
1435,0
5759,0
2166,1
4928,0
2962,1
6696,0
5229,0
2105,1
1187,0
4592,0
2960,1
2085,0
7420,0
2798,1
4660,0
6409,0
3440,1
1655,1
3058,0
7903,0
242,1
7134,0
7106,0
2090,0
907,0
835,0
3485,0
2450,0
801,0
5754,0
5132,0
2057,1
8545,0
1652,0
6043,0
3705,0
3458,1
2404,1
3154,0
5846,0
9553,0
6977,0
10443,0
9008,0
252,1
8689,0
5750,0
9970,0
3187,1
3484,0
962,0
10955,0
7712,0
109,1
419,0
8016,0
4951,0
1881,1
7576,0
4151,0
1249,0
4584,0
290,1
9520,0
2524,1
5751,0
3308,0
8996,0
578,1
10159,0
9584,0
794,1
4036,0
9078,0
8820,0
1602,1
8686,0
4775,0
11017,0
2095,1
4046,0
1161,0
6451,0
825,1
6672,0
811,1
1792,1
4587,0
4341,0
1441,1
1271,1
4833,0
3710,0
1297,0
8173,0
3200,1
6127,0
10457,0
3253,1
2453,1
3620,0
9357,0
7133,0
6555,0
253,1
9473,0
561,1
10242,0
9136,0
10028,0
459,1
8569,0
8471,0
809,1
1912,0
8550,0
10723,0
1963,0
621,1
5844,0
3051,0
8531,0
6385,0
2821,1
91,1
6894,0
11417,0
3566,0
1557,1
4287,0
400,0
61,0
2480,0
5820,0
9879,0
6802,0
9571,0
1624,0
2641,1
169,1
7616,0
2675,1
2266,0
9464,0
3262,0
7899,0
5862,0
1072,1
1808,1
1485,1
1048,1
3539,0
152,1
8141,0
31,0
933,0
1859,1
1545,1
264,0
3672,0
417,0
2516,0
5482,0
2379,0
741,1
3719,0
3264,1
5811,0
26,1
4039,0
1116,0
8024,0
792,0
1730,1
1918,1
9992,0
9546,0
550,0
2640,0
11077,0
5473,0
8178,0
8650,0
5064,0
987,0
826,1
808,0
1375,1
2123,0
288,0
7353,0
3687,0
8151,0
1234,1
7925,0
9893,0
7085,0
1579,0
1501,0
1394,1
1359,1
597,0
55,1
10749,0
1575,0
3560,0
929,1
11295,0
8707,0
8397,0
5414,0
7202,0
2354,1
6318,0
5038,0
2526,0
11389,0
3832,0
2006,1
4203,0
5794,0
9255,0
5477,0
9774,0
1452,0
6356,0
6352,0
8838,0
10175,0
4438,0
6014,0
2008,1
2573,1
6314,0
10055,0
2861,1
1861,0
1085,0
2728,0
1197,0
4348,0
1110,0
1657,1
11277,0
3596,0
3033,0
58,0
3517,1
10851,0
10734,0
1268,1
2506,1
6428,0
11219,0
2653,0
11120,0
5685,0
5066,0
8428,0
10278,0
6726,0
1693,0
4182,0
667,0
2077,1
10845,0
5623,0
7788,0
4640,0
1924,1
1613,0
3140,0
3686,0
3571,0
4891,0
8493,0
98,0
9351,0
1514,1
10310,0
4661,0
1628,1
4322,0
2109,0
8710,0
3389,1
5180,0
11421,0
5719,0
884,1
6585,0
7071,0
5341,0
11058,0
4308,0
3119,0
10250,0
7439,0
10869,0
477,0
3138,1
96,1
5371,0
5967,0
3208,1
535,0
134,0
6096,0
5605,0
8382,0
11309,0
8595,0
2105,0
6598,0
8323,0
3453,1
11003,0
3491,0
2950,1
575,1
11051,0
1804,0
413,0
5732,0
2714,1
1572,1
798,0
1895,0
11313,0
1467,1
1166,1
7265,0
1226,1
3653,0
764,0
2019,0
2923,1
1734,0
6212,0
2413,1
3559,0
3206,1
1869,1
6113,0
7650,0
1704,1
2561,0
9953,0
1414,1
2148,1
1453,0
7019,0
3552,1
11008,0
7652,0
815,0
3671,0
7214,0
5144,0
1431,1
8852,0
5422,0
7207,0
116,1
3184,1
783,1
7969,0
9432,0
568,1
8959,0
2297,0
10246,0
140,0
9254,0
6190,0
2582,0
486,0
6759,0
10803,0
5924,0
8857,0
2441,0
8969,0
3101,1
1690,1
2290,0
2552,0
2143,1
4136,0
4296,0
3986,0
154,1
8908,0
3608,0
8982,0
2346,1
9828,0
6789,0
11364,0
1387,1
567,1
1904,0
10887,0
9734,0
7821,0
3373,0
10960,0
10563,0
6579,0
6118,0
2038,0
1863,0
9339,0
10082,0
11266,0
4120,0
7594,0
11178,0
2839,1
3384,1
695,0
2303,1
9418,0
3181,0
1303,1
5621,0
2512,0
10728,0
6149,0
7542,0
866,0
9073,0
6608,0
3401,1
4078,0
4451,0
7715,0
1567,1
3457,0
9045,0
8022,0
4111,0
10402,0
841,0
1875,1
8589,0
11117,0
1534,0
6460,0
2166,0
778,0
6910,0
215,0
2415,1
2646,0
11184,0
4137,0
6092,0
3058,1
1040,1
6773,0
6373,0
4962,0
589,0
1106,0
2647,1
1944,1
7682,0
8135,0
6123,0
9678,0
5849,0
6040,0
3695,0
9528,0
6513,0
1195,1
6547,0
3528,1
400,1
6071,0
2062,1
6236,0
870,1
1240,1
4620,0
2888,0
7180,0
798,1
2496,1
8175,0
1837,0
4029,0
10721,0
927,1
3355,1
3019,1
1942,0
10358,0
2362,0
2340,1
4191,0
1117,1
786,0
7541,0
2295,0
8730,0
3006,0
2272,0
2847,0
8326,0
1497,0
9663,0
1768,0
8956,0
10381,0
2958,1
4677,0
9122,0
1618,0
461,0
3337,1
4291,0
1687,1
10155,0
2349,0
4912,0
5982,0
1542,1
581,1
2156,0
994,0
4242,0
11229,0
864,1
5082,0
4032,0
1709,0
8933,0
2175,1
1862,0
2678,1
159,0
11190,0
9966,0
3123,0
6966,0
2659,1
925,1
263,0
2759,1
10860,0
2532,1
61,1
3113,1
7923,0
4456,0
9765,0
4188,0
4068,0
777,1
5381,0
10108,0
817,0
389,0
7369,0
10535,0
5778,0
5292,0
9093,0
1843,1
938,1
1172,0
7216,0
9373,0
7986,0
4922,0
10979,0
625,1
5121,0
7918,0
4066,0
10282,0
2002,1
8792,0
9197,0
2252,1
11031,0
842,1
3065,0
2856,0
9114,0
2220,0
4204,0
6050,0
3875,0
2731,0
1095,1
4903,0
238,0
5137,0
8077,0
2743,1
8787,0
5946,0
10763,0
7839,0
2343,0
8422,0
5043,0
5868,0
9115,0
10786,0
11099,0
1629,1
3358,1
6408,0
10387,0
1425,0
2075,0
3292,0
3377,0
1825,0
5386,0
678,0
3706,0
399,0
1150,0
2235,0
1920,1
8930,0
3497,1
1390,1
3181,1
556,0
2747,0
1873,0
1255,1
3980,0
2959,1
8533,0
10606,0
1872,0
388,0
4301,0
960,0
729,0
412,1
784,1
4109,0
7309,0
3109,1
1366,0
132,1
8298,0
10277,0
1183,1
9901,0
10580,0
1499,0
1498,0
9728,0
393,1
8202,0
982,1
2581,0
9177,0
5687,0
175,1
11112,0
2256,1
2327,0
334,1
1825,1
6228,0
2773,0
8586,0
8273,0
4784,0
1231,0
5268,0
2702,1
10871,0
2067,1
2100,0
2051,0
3379,1
5293,0
831,1
5724,0
513,1
5222,0
11282,0
7688,0
7006,0
245,1
4964,0
1405,1
9026,0
4286,0
1198,0
8614,0
6902,0
3298,0
6658,0
746,1
7047,0
2533,0
4030,0
4104,0
2048,1
3076,1
5176,0
5965,0
1235,0
5643,0
971,0
2727,1
5122,0
977,1
2784,1
10770,0
300,0
2403,1
346,0
3752,0
2676,0
9881,0
438,1
2467,0
8347,0
713,1
5567,0
8214,0
7307,0
1596,1
3441,1
9798,0
1642,1
3263,1
4441,0
3074,0
379,1
11360,0
744,1
1236,1
8508,0
6665,0
7328,0
226,0
7249,0
220,0
7286,0
7547,0
9474,0
1346,0
6308,0
1115,1
2895,0
486,1
1644,1
10233,0
7494,0
3427,0
2572,0
9762,0
9833,0
6511,0
5323,0
3758,0
6631,0
10172,0
311,0
7711,0
2350,0
3506,0
11205,0
2261,1
8039,0
5725,0
2828,1
1705,0
1192,0
1119,1
6846,0
6275,0
7900,0
9647,0
746,0
3935,0
9759,0
4107,0
1547,1
512,0
2939,1
653,0
733,1
4735,0
9785,0
8711,0
6793,0
8731,0
6861,0
5519,0
2658,0
2734,0
6260,0
6059,0
3445,0
8629,0
4615,0
10448,0
552,1
10105,0
7430,0
7350,0
11223,0
5588,0
10134,0
1558,1
6201,0
1511,0
633,0
9791,0
9388,0
2134,0
1316,0
4636,0
8114,0
677,0
2585,0
4268,0
2318,1
2663,0
6755,0
3474,1
252,0
3291,0
2973,0
7079,0
7583,0
8518,0
3527,0
10813,0
3834,0
6125,0
8145,0
1456,1
10875,0
5883,0
5098,0
6099,0
7165,0
4070,0
1466,0
2622,1
5376,0
2565,0
3976,0
9301,0
8204,0
1288,0
2556,1
123,0
7123,0
1929,1
127,0
9967,0
5356,0
883,1
6083,0
5798,0
1958,0
293,1
1748,1
1122,1
8181,0
11173,0
4448,0
2550,0
8315,0
1010,1
2866,1
5245,0
10014,0
10109,0
8375,0
6889,0
731,0
793,0
6943,0
11256,0
0,1
1445,0
1803,0
119,1
3549,0
3516,1
9258,0
3950,0
434,1
282,1
9769,0
9956,0
2513,1
7457,0
5286,0
3317,1
1831,0
10187,0
1900,0
741,0
10344,0
2882,0
173,0
3546,0
2736,1
3630,0
4920,0
1515,1
1858,1
10148,0
7967,0
7647,0
227,1
1720,0
1260,0
4305,0
5261,0
9140,0
2244,0
8169,0
5165,0
2449,0
2922,0
10591,0
4715,0
1651,1
1526,1
226,1
6551,0
4850,0
39,0
3677,0
3413,0
2946,0
700,0
8246,0
2013,1
160,0
1381,0
8660,0
2670,1
8230,0
441,1
6978,0
6126,0
7522,0
7947,0
10165,0
3518,1
4243,0
11241,0
7361,0
1408,1
1201,1
4727,0
4936,0
9581,0
5019,0
4565,0
2661,0
2924,0
11145,0
6479,0
10732,0
1673,0
4853,0
2406,0
2454,1
1426,0
10658,0
989,0
158,0
902,0
6754,0
1725,1
665,1
10329,0
4250,0
9720,0
10899,0
2857,0
8172,0
2330,1
2136,1
9911,0
1269,1
6887,0
2034,1
3496,1
5395,0
5039,0
2892,0
305,0
3448,0
3682,0
692,1
3624,0
8590,0
6295,0
7131,0
1920,0
3884,0
1696,1
1991,0
3451,1
4003,0
6060,0
6830,0
1840,1
6842,0
36,1
9461,0
3338,1
10992,0
625,0
6986,0
2395,1
4125,0
1233,0
8109,0
3272,0
5305,0
11194,0
1090,0
9525,0
8435,0
2874,0
7314,0
6527,0
1971,1
3666,0
7662,0
7464,0
3278,0
11280,0
3346,1
9273,0
660,0
1077,0
5162,0
1947,1
1341,0
2387,0
7560,0
2361,0
9627,0
4426,0
2332,0
10760,0
3520,0
1299,0
2920,0
782,0
3479,1
11225,0
1522,1
11030,0
11025,0
9174,0
1686,0
6786,0
507,0
8108,0
3411,0
1124,1
8718,0
412,0
5158,0
1616,0
1058,1
3913,0
3853,0
6091,0
6154,0
2376,1
3021,0
2597,1
6687,0
2741,0
3286,0
10143,0
3081,1
10573,0
947,0
2103,0
7128,0
8774,0
2118,0
3384,0
1896,1
63,1
9381,0
9882,0
1757,1
2094,1
3183,0
3678,0
9025,0
1004,0
8891,0
67,1
7549,0
7681,0
7110,0
2368,1
10707,0
1113,0
9189,0
11016,0
732,1
7429,0
1910,1
3225,1
7995,0
3174,1
5415,0
1052,1
2709,0
1837,1
1588,0
4582,0
7435,0
1353,1
4205,0
9920,0
5998,0
5123,0
467,1
4700,0
3052,1
2506,0
8734,0
2665,0
2079,1
3219,1
108,1
9982,0
6825,0
1134,1
1113,1
382,1
1770,0
2131,1
3062,0
11127,0
149,0
11168,0
6946,0
906,0
1852,0
2676,1
4391,0
11423,0
4745,0
8672,0
1334,0
2035,0
2613,1
5065,0
3112,0
7917,0
1913,1
2903,1
2792,1
2769,0
5142,0
455,0
8568,0
10002,0
9241,0
3381,1
2084,0
9564,0
6727,0
6253,0
1400,0
7239,0
1639,1
4908,0
1412,0
5167,0
2344,0
882,0
11298,0
8009,0
123,1
2100,1
10973,0
9651,0
1420,1
1067,0
7245,0
2984,0
6403,0
6028,0
9930,0
2885,0
2645,0
5326,0
4765,0
3166,0
1637,0
1619,0
7756,0
2470,1
1398,0
9382,0
2117,0
7055,0
3467,0
7178,0
2216,0
408,1
5218,0
8754,0
2660,0
2562,0
4370,0
8728,0
9367,0
1433,0
3082,0
6974,0
2602,0
9556,0
10279,0
11228,0
1516,0
5658,0
7433,0
930,0
4619,0
9532,0
10,0
383,0
679,0
10726,0
3742,0
4280,0
9484,0
10091,0
3169,0
3215,1
6211,0
2789,1
758,0
11163,0
3814,0
7308,0
2031,1
4259,0
4506,0
6805,0
6387,0
216,0
10692,0
55,0
7938,0
4989,0
4643,0
3067,1
1876,0
2308,1
7551,0
915,1
7330,0
3400,1
9716,0
976,1
8964,0
1557,0
6063,0
9696,0
520,0
2586,1
3021,1
3509,0
1487,0
3019,0
3234,0
11356,0
1208,1
8749,0
4566,0
624,0
8867,0
1724,0
9462,0
3156,1
9708,0
5741,0
7132,0
9119,0
9640,0
4077,0
10332,0
10131,0
1092,0
222,1
7719,0
8217,0
11098,0
2873,0
161,1
139,1
2448,1
2746,0
8665,0
7221,0
2901,1
3116,0
2501,1
6287,0
410,0
9522,0
5036,0
11233,0
1800,1
11201,0
8737,0
8032,0
1673,1
6106,0
2681,0
8235,0
3207,0
2121,1
5546,0
7702,0
251,1
6033,0
8171,0
8873,0
976,0
1302,1
2818,0
5237,0
9234,0
81,1
347,1
3597,0
2436,0
